PC1,PC2,PC3
-1.3000048685088175,-0.2387140253542702,-1.0073311623990866
-0.9570642653752175,0.22291450951332475,2.5395627506065406
-0.28142708596549504,-0.5080678258302315,-1.026226906932061
-0.8943293000424476,-0.40248831584672357,-0.8233049999446229
-1.4628336163565634,-0.22695175372581775,0.5171114425895156
-1.6505223346089712,-0.384314939684746,-0.45743378672339713
-1.1606541270933508,2.0271863509238086,-0.48627182800357105
-0.31143709198069186,0.14951348138264978,1.3483620621509476
-1.55653193272137,-0.3489189668690185,-0.23139257734894433
-0.2936399452407089,-0.2772477409463459,-0.1153779775470742
-1.695591883497137,-0.45181472995196537,-0.9670678567064581
-1.0419173102640067,2.451388876205927,1.5661191216989723
-1.2027536903708602,-0.30675949271285763,-0.6114776462222199
0.1885811035416555,0.20361794953359716,-1.4278157044483792
-0.07520434787058933,-0.2344198101542149,0.2927163307612649
-0.7774457666774306,0.42294465655411884,1.9738839486902815
1.0312549716282113,0.3427022271773832,2.3530832508393424
-0.5868312068611149,-0.2674449643696417,-0.4281438559103928
-0.16583815772729288,-0.3462085804136562,-0.5175276623508468
-0.9637340870862713,-0.18765771072736406,0.2406542794341672
1.2306543519329303,-0.3874829086089502,-0.8128383935834923
1.6046757480413447,0.1982569118490794,1.5526507318124891
0.5597765043181746,-0.512157969398571,-1.4800142165531778
-0.7271694923761435,-0.434705469606931,-1.242744805634137
-0.1819369427785936,-0.10993476507853693,0.6880897958218533
0.5797282056458282,0.18049765697132586,-0.39897832472358363
0.48385829513226536,1.3119505656577972,3.8147207071963085
0.10821718472871265,-0.33953217557406556,-0.5713875860695299
-0.7435571342498886,0.25625114088437584,0.8297620686231978
-0.06218800097453269,-0.08435805516756342,-0.8728246844092631
0.811131635407575,0.05844153788814638,-0.9069958332833608
1.9919949571932867,-0.2636964262354272,-0.36471151405839586
-0.7030732662172711,-0.03797833772857244,0.3848518284134528
-0.4031555710873896,0.019687655213707373,-0.7673732250105694
-1.6248566627221674,-0.43607285514632366,-0.7153730166805862
2.381865719627297,-0.25205390658302507,-0.33235633683750004
0.6455449777761106,-0.12953854595548536,0.5446992908227388
-1.7160507891327261,-0.32154429895745834,-0.7803687893699213
-1.0284261238798706,-0.408694823662192,-0.374379691498702
-0.1352911580027955,0.17521956652823728,-0.8366350961981668
-1.5674822058212814,-0.08841248887264547,-0.25903260913395343
3.8057444213881846,-0.17938879388777834,-0.3650658735722109
-1.598473565855262,-0.4912448448185827,-0.7903037890413055
1.021746769666865,-0.11132207304210213,0.013278737678766701
-1.176853768745426,-0.28811832704956575,0.15412399916419148
0.9213485323813984,-0.2766899314445902,-0.3918402089411303
-0.10664593222989964,-0.4177408695748741,-0.7767154762841197
0.5445423764894941,-0.1039660187333052,0.8298044290284978
-1.6348793283230523,-0.3084166213660041,0.009041838815882192
0.8073164596263808,0.17905991069833208,1.9889404189177748
-0.6027030869134365,-0.4087670357030474,-1.3152314502583542
-1.40325529827246,-0.4350661854313619,-0.485310898171195
1.5736740760630101,-0.49830948677132797,-1.2786512725116506
1.2028332464273572,-0.3894034807927465,-0.6502104319165564
0.531612215441804,-0.4610651793581736,-1.1622036632391393
2.4376205741387222,-0.25597529706602073,-0.4371377905655728
-0.5761846686108869,-0.47017849655105015,-1.1743110002461052
-1.4753367583462684,0.09821371888116054,1.9062646592644026
0.3417847595191591,0.7084688421814763,2.169225818092388
-0.3068730151358276,-0.18788284973952984,0.4854181947321797
-1.4388399778663161,-0.5211924036876192,-0.8692835477467539
-1.6540712009518366,-0.46191031333027804,-0.536939821826838
1.6949317561960766,-0.1918526129315094,0.08857557021284379
0.31897443158199007,-0.37858215241217125,-0.5928383310912707
3.255943420635524,0.6351164120765772,0.29964666502343285
-0.9207477237783339,-0.21245500092273711,0.14005708603165604
-1.2293869549672989,-0.5230936824166199,-0.9389479601080775
-0.5797557100695024,0.46502540384700203,3.6389421501355037
-0.6575590334688952,-0.002976387153896205,-0.30941818833762463
-0.5368290399883257,-0.30237010118886043,-0.45283984253747817
0.1532047933060898,-0.4917950745210109,-0.9655882955537959
-1.2465868745557813,0.23685391731757638,1.2028688412631772
0.19598164889231998,0.6256911850751031,2.9104029941685945
0.647530262919226,-0.449865939752089,-0.8332390632903804
0.6100110578728373,-0.33513107059151914,-0.5373737988397524
1.3431303452457783,0.027240942837035455,1.072744589032527
-1.722185608110892,-0.5755801360316443,-1.2717909521694768
-1.5505777286207223,-0.5173512000740833,-1.0957112061953351
0.7978628084825613,-0.14539007576395352,0.47581704573233286
-1.0882560723688515,-0.4371644931010595,-0.6059156722458707
-0.007521814688794257,0.04622812332953244,1.4520215060440889
-0.3240035990929112,-0.5000656555263815,-0.9645351402167507
0.35419081424631776,0.385669704364229,-0.47398561739499107
-1.5454954803729526,-0.14344461365843544,0.2202020201316698
-0.632171293941916,-0.10282860418057352,-0.9607709665730947
-0.44267199438488997,-0.40516334998619197,-0.5110023755966477
-0.14301433088742255,-0.04890887233790856,0.9887558961659196
0.05656731813284562,-0.024288155175031786,0.4362635875536266
-0.04380028455730285,-0.15494652617078877,0.49672838542575326
-0.6877898666777355,0.22411147290429473,2.1277335004339446
0.7870684122334307,-0.36593460232188973,-0.534835086988377
1.4133462746642338,-0.09660522323805587,0.7610154595632698
0.8334480504166512,-0.3353846202877772,-0.3052484063562927
-0.505763963967465,-0.21475551553475086,0.40204932644562935
0.19734156671230008,-0.07987502110962236,0.2396385997318463
0.5133803415514192,-0.24549968178798032,0.10781629232781498
1.073651561110151,-0.15680731571096995,0.42962853983815885
0.8282532484743163,-0.2802318168628054,-0.07236608259840593
-0.9067472551902702,-0.46280894723770577,-0.7345378221583743
0.18112375834835587,-0.5093384544121266,-1.2522983791529716
-1.2494526411109257,-0.36073422432117336,-0.6249429425474021
-1.486139696982413,0.19721355872527738,0.6922848845716392
-1.7084898568771834,-0.19636664734046996,0.5453581556240681
-0.3108537661100488,-0.4320754133597923,-1.0835135996953105
-1.276566667522099,0.05614861176643625,1.7069689003141648
0.38992105596766846,-0.03728059708937801,1.0740709396619519
-1.796729451665025,-0.47378387491102564,-0.6290553686785954
2.039340318233369,0.4058697651082778,-1.764942452515796
-0.06879698782287999,-0.4388863280574094,-0.7084585342158732
-1.291488588981194,-0.38063630155314254,-0.6367349656351199
1.5615591089681677,-0.5155144569566505,-1.379075548457259
3.209312644269184,0.17153830830846797,0.5935023825397423
-1.1338387186500478,-0.3200709670338938,-0.050041105413475194
-0.3066775158008682,-0.15680487364114815,0.6599963492265111
2.6871880502108065,0.3907200666842954,0.9895082810514856
-0.5610393517559489,-0.4646780606069218,-0.7583105457026377
-0.8582375555119078,-0.2597031648702249,0.21157633113492522
1.900705410774139,0.3432931221059256,0.4446428474891439
1.9966779039427534,-0.3530436017589925,-0.9113888961278103
0.9223612006483781,-0.12359205349150074,-0.14387397580998929
-0.1843942008002139,-0.3191308969189526,-0.07105055797001947
-0.5622620742676189,0.26911564364243223,1.773210904547353
-0.04132653621398472,-0.07165217001207146,0.4809020958558671
0.4744821850015285,-0.09443299956513392,-0.01566637599500126
-1.304079780886682,-0.28860365401850446,0.05045648573768474
-1.7002398738668705,-0.4407963997350129,-0.4338498458474673
0.9910613634295021,-0.43191301575546553,-1.283316306832716
2.6422937145378658,2.638647169978583,-1.0476697432057933
-1.6297447046067428,-0.4453326666625103,-0.4910094874344756
0.1396732712691351,0.1270021557132548,0.9105846486365587
-0.6395694885749045,-0.010443409840470685,1.4012332647026648
-1.4455767104000212,-0.47670098792636617,-0.7946047302134407
0.11548280874948892,-0.3129220716574357,-0.28552545304823007
0.49764683657696923,-0.0882676121276358,0.7021275165304048
2.1496624856153144,-0.11586952237069825,0.4330923446628491
-0.03182732497351326,0.34883503593536025,-0.5931618824365513
-0.3863168536912362,-0.15183288477093973,0.7318494804401229
-0.8755087251972438,-0.08807125145614977,1.1067752041959633
-1.7956855780130587,-0.5486225500998856,-0.9715628367814783
0.598931056084995,-0.006260853137202652,0.3084836414763893
-0.020157675298646125,-0.11979455792344712,0.40100509345118773
2.8782133543006725,-0.1710218793565977,-0.21456064492696794
-0.2817739441635203,-0.4812620142784635,-1.1418665881136907
2.075487928796716,-0.42154531820612934,-1.0551537636398916
-0.4784438221564594,-0.42081265097845544,-0.5902115106298512
-0.03893203831408154,-0.48067345274825407,-1.3862431326869356
0.07129559660746143,-0.3196484993918483,-0.26662587319932984
2.700686248643624,0.13727626435421586,0.9578176257451145
2.0155520665391897,0.021583313562243956,1.1343711872035434
-0.5328366697150991,-0.2859713329123909,-0.018615367034456126
-0.7545045335280558,0.6393481938947055,0.8185937179582423
-1.2557745788477568,-0.17090546946665866,0.6394626811938915
0.7870663779265038,0.010868889401137779,0.8533111158280872
-0.12889873074255015,-0.3297187235274322,-0.17764555728443693
0.029640950367762844,-0.407202936890605,-0.6165799537633914
-1.7687672010525102,-0.21475517553081636,0.07087251789064965
-0.7314582147195788,0.011139064656231493,1.089955487129062
0.885858179481054,-0.0960251850443824,0.37925032246099905
-0.5923384933999938,-0.30842934397946853,0.007001688790954388
-0.5829404338221553,0.05573697362049907,1.5319319213006268
-1.1741246411183397,-0.4279507890763606,-0.5116172507663385
-0.8216093329813002,-0.07027792312067721,0.8736963818218455
-0.018594359323966046,-0.5131978812980129,-1.4083239235204636
1.5168303750495808,-0.46897434639866237,-1.125174702210507
-0.8276001790194915,-0.3946241119606056,-0.341667689122363
0.5825239759640416,-0.41867913481362024,-0.7310857960842225
-1.4090339831235572,-0.23605676008959692,-0.9763967430816747
-1.4462561241248892,-0.47830084452053806,-0.6442537732325179
0.8981423770780242,-0.320419873667714,-0.3154165369591169
0.16847438652129232,-0.0919055721215278,0.907249834175017
0.05610084315271028,-0.21232897474846332,0.032880937105214114
-1.0950538800932033,-0.5392463988818342,-1.1366161980553124
-1.1174024050458116,-0.02106704979757933,-0.0695412927042679
0.5753767848383391,-0.39011193103158986,-0.5758624398524841
-1.3999496920188144,-0.09785714109914548,0.9346919601235887
1.6898892521657125,-0.4309545941943349,-0.950707976481593
1.3311740702418864,5.53427950218709,-1.7241657902685221
0.9002797806397546,-0.020016750782366786,-1.2172283126075039
-1.6736394444695666,-0.30336601199077873,0.14045047519411905
0.38164145059303856,-0.2818526113933322,-0.06475829953560604
-0.20518130280203042,14.67799990494589,-2.299703005695239
-1.5829045559066,-0.19490533174042068,0.40718790632708735
0.5505810947913027,-0.31745548442239246,-0.2558829328779195
1.8369258366591306,0.005521022958461742,0.9212060388749407
-1.0499350544034216,-0.05373702276143147,1.2945521557154298
-1.0580753010117683,-0.48366612527248554,-1.0114913608383231
-0.43412972365398256,-0.3662918600207687,-0.7508929665557371
-1.3896730731388456,-0.04811542415202068,1.3334230163493612
-0.0895072583813326,0.0034537249221135396,1.1124663124642407
-0.724584645064567,11.866912282495342,-0.5379352356050414
-1.5130213316135517,-0.38220427888235003,-0.6425230054812047
-1.5160378279822784,0.30347713577885777,2.712239747192196
-1.295312405980959,-0.5032578854700127,-1.0051195838285236
0.9038089815834115,-0.16537233866601675,0.44569818124933797
-1.2663413963094265,0.6381547569178573,2.313077790835562
3.30690271318096,0.2159311526808332,1.131800502952377
2.4923127459864536,-0.13705636856961517,0.2740037660658609
-0.3295736255121864,-0.020573902218699074,-0.5348687488398433
-0.09472871450617626,-0.44338870651169515,-0.9922513849818584
-0.5929222318125719,-0.09615915752083397,0.7866700681092811
0.33019859693116316,-0.013987378147757506,1.1414910034261212
0.423924081146129,-0.33372278087472956,-0.5390804911968959
0.11097701936790424,-0.036607131998853425,0.07128468966829955
0.037318371636959474,-0.29320051633059585,-0.5494852087031565
0.20762241253988417,-0.15991137772298358,0.4508378718014301
1.6417873584401816,0.2553658168607007,2.398866032600043
-0.35914768668087343,-0.5778817665186998,-1.350902102701914
0.7427352667198235,0.19182033577435859,-0.8093416415172561
-0.05699088377307363,-0.32894650906283696,-0.2583207905880154
0.7019587309425931,0.10876213657188029,1.6462994189081577
0.005104747461986033,-0.030700308169612316,1.1913148979141417
-0.9360876810079819,-0.39343712610852166,-0.4109528296607509
-0.6762740811709372,-0.13329385247094203,0.325275089586257
-0.8494010574936085,-0.18671603093397743,0.032282171739468964
-0.6071757216052314,0.272757176396194,-0.27618483311265224
0.183547867257801,-0.4943916892082547,-1.205123537323456
-0.927381369224261,-0.3183806455117555,-0.20489978614266677
0.08300728238478192,0.2679363216822061,1.760493210062707
1.8879838417630237,-0.39461070398103776,-0.790118213575203
-0.7578811019803503,-0.411713403877346,-1.0680181545213994
-0.3251104243100119,-0.35957408765265514,-0.8823315549791136
0.9781769495095988,-0.13309774820284864,0.07024456670379761
-1.338035274897656,-0.13550667173196865,0.8812384094948035
-1.2721595468141922,0.1534820651379633,-0.03297380808054992
1.3769846194036368,-0.10602912659449,0.4818573308134609
-0.36495917206971307,0.04670139389809076,1.4655344634461578
2.0985203659667127,-0.2812798215932331,-1.1333008143468746
-1.6057633447478357,-0.42285841978065564,-1.1050818227052848
-0.5509857734220172,-0.3953717297618137,-0.4699496462070805
0.18471898342921123,-0.20441272631604698,0.3650256735790262
-1.1697171875595216,-0.1696237575659144,0.7219425800957417
1.2451290057860471,0.4419356335145666,3.229562331604926
1.009491096047961,-0.20900694451437662,-0.03298516817159395
-1.4468647965116899,-0.2941617718296279,0.16957500781029286
-1.8538035601149798,0.23914107235659277,-0.8592784756600343
0.40598440677944087,-0.37973279719189107,-1.4943946457681674
-0.3994043058332408,-0.2808568596105797,-0.030171049870844575
0.6021750290990525,-0.33540502360868235,-0.37215221787930575
-0.2723038748370469,0.08071078509855804,0.3853658653643834
0.11959311708363217,-0.34494548778161277,-1.4556694885909127
1.591968374165595,-0.260632643194385,-0.2504844051280491
0.8383520318315344,-0.02889672038286783,1.1289301398807994
2.514446787718594,-0.05389543702978095,0.6441553055617184
-0.4487336220608849,-0.4621506586753191,-0.7565868930609224
-0.3116124825033526,-0.036722021020289625,1.2207936148967482
-0.6774761719953352,-0.3156081687248537,-0.041422767361459334
-1.7217203215454906,-0.17697440048363777,0.4553892004567313
2.105051462786698,-0.2641467956241429,-0.2522109806224515
0.42997692161470646,0.33202994862840124,-0.7427537366156796
0.21155590043601055,-0.4047114950661919,-0.672305090798047
-0.861122663900851,-0.46169146782051124,-1.1101851842066104
-0.8597477837534729,-0.07408290052967122,0.4655256724532608
0.023834570096252658,0.08721538335772676,1.3942964886430333
5.102154098658645,-0.2840698921166996,-1.5155565329971357
0.053569636841371726,-0.0332365882236766,0.7954826953845988
-0.5691420297121995,-0.5743081107407606,-1.3763845209303316
-0.32996262206155286,-0.3789797184855163,-1.386865693580304
-1.4322553499759758,-0.0594249851600049,1.2078060520011413
-0.3232522061806026,-0.3569014564869936,-0.821661767557286
-1.603424133783655,-0.560296432641324,-1.0236291261507642
-0.8998052058888509,0.5742194760007024,1.9261786088133883
1.832575657929046,-0.3339223743590636,-0.6302496366759389
-0.6682643457014873,0.4324348709428063,1.1218984648154362
-0.3095112783144901,-0.26306887728785466,0.17242965559065676
0.35516408254292375,-0.5020625648061391,-1.048192578972308
0.6498967188159148,0.15938519854759137,2.0237490368404316
-1.3264492084100519,0.07571163640099024,1.7702284755665598
3.3128490344918933,-0.16071571536775528,-0.1281483691375275
-1.074847094271686,-0.006684488773946966,-1.4166536369036657
0.09006512855321232,0.18098473783246,-0.19245560927179767
1.8716859549411413,0.11099461449709046,-0.2571316701255815
1.5745820113099813,-0.33128841349998756,-0.8526375398340122
-1.8202754212348125,-0.496301191659616,-0.6776006160234657
-1.7591879283996756,-0.4913944249884439,-1.1198852846573166
0.4017623954588108,-0.4868222074996035,-1.0442010955426018
0.04461649862661538,-0.5394975916875134,-1.214674832111051
0.5923030544647327,0.078938623362499,1.5417224694686558
-1.0900887442056837,-0.05872795015927018,1.2817701123657816
0.2017685342969437,-0.3513200467778881,-0.34852870775663114
-1.4963429062189975,-0.019600338328983866,-0.3319533063143808
-0.6882658480625302,0.6494154172780559,2.742355870815224
0.2930488517577666,-0.10082228346060174,-1.472526431624466
-0.4983441848630317,-0.11002497609544258,0.8612776314661116
-1.3525183083032246,-0.23368917435270128,0.2140626150560493
-1.2470504876154493,-0.33307199230640583,-0.039313804178507994
1.1695761200747654,-0.33957022612875654,-0.380818244369852
-0.918232285293976,-0.24083549615786803,0.14160471168746255
-0.1139650022888947,0.1018610899318572,0.76068121813429
-1.401219020654585,-0.36731427530700517,-0.5204313113904289
-0.06132316470090313,0.07299630734882971,1.3871119042756326
2.8646896771592014,-0.2199682539926134,-0.16065918187838107
-0.21289956693951798,0.1424022171550149,1.1869665774300537
-1.4387086273170957,-0.41405407659829513,-0.43032505502014373
-0.494397028504743,-0.19452445564916512,0.5681158546719843
1.5894946570472075,-0.19614899022114138,0.03495418267788353
1.073144486117735,-0.036740199723015544,0.13110313719595362
1.5990900178361669,-0.4906409899430449,-1.3331432771740046
-1.4992719760872018,-0.27647414783341373,-0.8443891754959715
2.9872675536499766,-0.42024273601257073,-1.4133949296521338
0.5042740436688898,-0.0934003993464305,0.7595232663879972
-0.8017745826288318,-0.2923720111868607,0.01239122786754051
-0.7372824406370729,0.23960306767978873,0.7189870662420772
1.6852997387889486,-0.07372403760591678,-0.08914511319190686
-0.9691810780685493,-0.4204495255316552,-0.5436501257734628
0.7951874985657552,-0.0054149946627709755,1.244603559781147
1.3380970959196088,-0.21884419020491722,-0.021753291428005445
-1.821750789600941,-0.4519061814684242,-0.4679365450358139
2.0642471338645842,0.19767991578739935,1.08599687472538
3.2910487337391663,-0.16880728737692233,-0.062134034710123624
1.1582979693098128,-0.27731941726112413,-0.07183968853006013
1.0895718625551796,-0.010574928442699484,1.16886843960267
1.5321255575119865,-0.12708014740899892,0.5459036338676667
3.697999157416797,-0.43808298227176423,-1.4013794799251111
-0.7249273803128754,-0.19015536547325979,0.48550075635201506
-0.8117230064720176,0.8828428128551713,-0.09812500669839087
-0.9303250668657963,-0.38368377471470705,-0.3821957739695913
1.659700713794826,-0.48832563136477514,-1.3886726293551745
-0.17994184135003352,0.11670428498266025,1.9545324865485592
-1.8444022856432862,-0.3665433727498752,-0.982463586140632
-0.48173400616995654,-0.15193619868592606,0.40307172997954077
-1.3584768179185054,-0.575692298234151,-1.15559400226189
-0.3912654460074186,-0.3112696025348091,-0.04435597017634333
-0.6023116676095556,0.027689841255102415,1.2014519440954474
1.169888694713557,-0.20228605998324814,0.06653292458940403
-1.4512008489391808,-0.027868595885411965,1.2559603724956778
-1.7234997852859455,-0.2806668509056968,-0.4094228114136971
-1.1602635666054248,-0.12028555758553136,0.7497692816118271
-1.4132061753308836,0.8723567865412153,-0.10621186519075101
0.9702362126077312,-0.44602076631877285,-1.2419968064067413
0.06982637676031345,-0.16044905231932996,0.520807646455048
0.4567365321016501,0.3577231304701116,0.7066668961242868
-1.2878694990017838,-0.37953385407307133,-0.7892588893754914
-1.5298268806297015,-0.06645958034969793,0.3882769876214337
1.5989437833298754,-0.21744554991424161,0.06119006005489443
-0.19060435018186597,-0.3571454756577049,-0.26326542828940286
-1.2299024123820816,-0.15216300097635876,0.7893616147713199
1.7652030411536188,-0.023604560673380705,0.8205562652309059
-0.5275463735494993,-0.27890617012794117,0.07112575006559332
-1.272673229834259,1.3364145811133374,-1.2746946210983616
-1.639292732590633,-0.4220627430700702,-0.36188974378667205
-0.42986465737618296,5.691101935915446,-0.8994885421616877
-0.42133332216319197,-0.471227262845798,-0.7932999711693874
-1.2298709940516268,-0.03725280973651543,1.196423969387045
-1.5808139862658235,-0.05545998251908359,-0.4793257510147525
0.10214133387570021,-0.3085441777422781,-1.004831906711093
-0.9694903786944056,-0.16479198892294764,-0.48130394286416545
-1.5377844585776237,-0.48539748363673785,-0.9288725822329665
-0.6241610915012146,-0.4375418784318775,-0.6422470349029937
0.6555875265558803,-0.4322540904177199,-0.8196839037557362
-1.0312935695499668,-0.3342269066046388,-0.44997243208769283
0.11881955312079526,-0.5334946057261771,-1.4039050215146245
1.7054476400201508,-0.14254936596765705,0.08747955138980998
-1.2710714123325926,-0.004692978019775049,-1.42537073340868
-0.8539326955286934,-0.2238906712764336,-0.3751822555464216
1.2246629602127967,-0.17930238824624473,0.3543842969168143
-1.4835586188924115,-0.5042419465836164,-0.9918880950240154
-0.8201594001699665,0.046428749113010044,1.2593036296176938
-1.0259354426730658,-0.3678949759108074,-0.20235415091427775
0.9078473270352166,-0.4093559023978067,-0.9953460532143794
-0.21526915404351651,-0.2511522872196644,-0.24709964202199763
0.3492913386428488,-0.35304485319681655,-0.6596110025860865
-1.581706821753296,-0.5209034952630082,-0.8576661166873195
-0.8705004933349423,-0.22684928094431686,0.3313621980541717
1.7227805589914464,-0.2604468750754579,-1.002887811057432
-1.0799315993601775,-0.16774605638212256,0.6570865545995888
-1.6300012265426247,0.015345985438357825,1.5394801849902946
-0.8862104820261845,-0.2709907653221284,-0.44566974463335074
2.062746479566031,-0.20949548002307167,0.00974933979931739
-0.009594143432088238,-0.5482547560555817,-1.3552421704541115
-1.0812892728359977,-0.34558180941921707,-0.09566772405809922
-0.12737371313898813,-0.2958663396952889,-0.055110789071385974
0.2163502024793694,-0.07263385982198317,0.9949319416823031
-1.395112542797115,-0.08881894320496093,1.140566329512604
-0.6450553006967853,-0.4889948733037074,-0.971833899660327
-0.6324671788891411,0.8051817282393153,1.5986544515385772
0.7567400064928204,-0.34176757939896535,-0.32422239285624305
1.1923433660719331,2.752336868449166,-0.5383541503501037
-0.06341263515720663,-0.24670571263046082,-0.9029887276290292
0.28399518820342234,0.1175749937652247,0.7788256134260374
-0.10381735382110915,-0.2124426698316022,0.3067203598494467
0.8578108817408477,-0.02744302763405221,0.7088736205669792
0.47442812230463705,-0.35368282916209903,-0.45222337112308864
-1.462887372507532,-0.22402000002895953,0.4887679282295664
-1.7995603778511757,0.3644380826426124,-0.2682417620221537
0.09418578103735241,-0.33104694266327056,-0.2735305688057902
-0.9181767377224784,-0.4792198195503267,-1.3340239262628613
-1.4583978161103237,-0.20776992109327824,-0.8512094862732286
-1.2928333924552267,-0.5437193706293443,-0.983591027095926
-1.6938861616202037,2.993896574816138,1.2378147935571475
0.6663281725349137,-0.24365813991535476,-0.1167708230461771
-0.586617025164604,-0.35535189216877044,-0.4722972773591237
0.8316543151436426,-0.025650788174010918,1.0026535502839884
0.5887872910655761,-0.5198678423988835,-1.3176885557319638
2.2075114957434603,-0.3943796542061735,-0.9013149328799687
-1.2225435515177083,-0.2677289279823246,0.033991374959588615
0.7564175426322636,-0.02552090657799964,0.9327338322567233
0.23532574347743387,-0.3407825131704576,-0.40637958706200067
3.1480431831102202,-0.1959627639791861,-0.6008103612853198
0.9500071039593108,-0.38083045863228865,-0.8883505100813499
-1.5974188354692709,0.7347583634789833,-0.6897765955059608
3.029685060351531,0.11373166280291411,1.2768376391018303
-0.8623707201858518,-0.4006996901469156,-0.4350156088275128
1.5702841111848824,-0.22293555222116626,0.1241313553477189
1.7008550379242844,-0.15840615638758568,0.2209760657312655
2.3613990052738894,-0.20943646049164655,-0.25328478514655045
0.1821425146763855,-0.48446090878404147,-0.9263878609119309
1.0814989898819591,-0.3528800019148433,-1.0910816324377122
-0.158844928629567,-0.20019748296303644,0.4812492408430862
-1.0844681590294603,-0.11005899213617616,0.7814051178886048
-1.8021547019841118,-0.4135269063264002,-0.3089721745905579
0.3393942204301432,-0.043937619441564546,-0.22411880807412188
0.027761378846052242,-0.3692648359089344,-0.4764984220511831
-0.5492503545109361,-0.12906051008692804,0.7141794749122123
-1.6998742969399174,-0.15121926258734042,0.9378450589660913
5.182286056563438,-0.36645831735961093,-1.375796180688204
-1.2649701630406749,-0.42917708673009597,-0.4837011003708188
-0.17466325403218794,-0.15166738043808198,0.5194899553827967
-1.0574807418795111,4.341930043866622,-1.135815646517526
1.5308892142128003,-0.23283397259144323,-0.02869305860373609
0.12989495062293735,-0.3086793444827663,-0.12225933236705078
-1.0577167010592496,-0.2245764537358786,0.39673387983703723
2.069328968140983,-0.13996624571842525,0.16179580611393926
-0.6921660707086303,-0.3764923030758741,-0.33834920706684224
1.7588161298275327,5.661482309303104,-1.2885470147057816
0.042031607012524286,0.026108147321933155,1.5410013649247887
2.1384178704535577,1.3545785362944627,-1.7853731792974668
-0.48018638905124167,-0.33270210261317407,-0.3798530078171208
0.13662979510694187,-0.3984731486872416,-0.5404399458088385
1.4517953878115937,0.057738566205034765,1.285434976946293
1.1164585668771498,0.2672422903015521,-0.4226544677319244
1.8439456948624866,-0.2973842916213164,-0.8848573354469634
1.6152461485297687,0.13443769216509463,1.5352066399159163
-0.573033983432976,-0.3055053065191354,-0.22345773642729008
1.0585783271749054,0.0370095276053107,1.275257728868659
1.4681981568685263,-0.01699890076581209,1.0278607204900183
0.42127775114741406,0.8547482090102024,5.261051185144113
0.158837806697925,-0.48057927904797026,-0.9017875490830329
-0.5532776969266617,-0.3800287920070079,-0.4527516482785803
-0.9205978023022037,-0.21508853936357725,0.48065381996918743
-0.3941113024790161,-0.32847661722329075,-0.22662285355361653
-0.629211105365074,-0.33626935137831354,-0.22953464437209262
-0.9224696139052233,-0.3985914270567296,-0.5717492481355367
2.135943841835172,-0.08560811571823676,-0.044160826491055565
-0.8488967019801582,-0.40552075420053696,-0.3834401369512553
0.1796014731455861,-0.423689118524391,-0.6184128356703187
-1.1368861847544869,-0.1924975752698858,0.3116878871234551
0.8170771853922704,-0.215889540476709,-0.002782784289004343
-0.144061604939421,-0.038236803004436055,1.2396113311772492
3.1726790938956517,-0.11092120969726917,0.3939466417965754
-0.04175620804612519,-0.3938451938117604,-0.6264589772343513
0.45180663463787707,-0.3023522860485669,-0.1211260249975529
0.309674723733039,-0.10737344476057115,-0.5940756928621278
-1.2097145609127051,0.015966256667527476,1.052906099904017
0.834665517077923,-0.0911504361546869,0.6144723753112611
-0.8002133719753071,-0.055950219651414765,1.004900936220215
0.24078663204927106,-0.2780277861667924,-0.45642796837839217
-0.21789725261969545,-0.16103049359278182,0.5628165404932337
-0.9518738559044441,-0.19899917578698526,0.5729625775793077
2.1487541214246813,-0.38935746017521766,-1.1975005278590891
0.6599533540327054,0.825652780651823,1.541405235271862
0.05693185856339155,-0.2153898645517993,0.28596838056056323
2.2398104839215525,0.234632798710271,0.1633651742922627
-0.7795990809747156,-0.3470299311001727,-0.40539945092679247
5.190992005882836,0.39773338119752666,1.4143255862029864
-1.5340305767805864,-0.39802350402221987,-0.2994708293420024
-1.385815683807669,-0.27514606859492774,0.25628110228892476
0.14608665829529752,-0.21717388239312727,0.3488070912825072
1.1236554571222934,-0.4292691041295153,-1.3014368673068866
-1.316320082249831,-0.26125276267157566,-0.5536573809125471
-0.4186125569589037,-0.014123841705084841,-0.1091622303959273
-0.7771917889563249,-0.5342027116706856,-1.059485180311708
-1.404807635026185,0.06765257068160142,1.714793318198149
-1.5076791950456223,-0.5650075493213568,-1.136296256036651
-1.5897410851189908,-0.10467286678214138,-0.010582507174933727
-1.037285665464785,-0.3527262047620492,-0.2610328382126665
-0.5453898626078351,-0.11073191236206069,0.5128718778998713
-0.022856805452592485,0.12193850241891241,1.6999082498132283
-0.2818597943923193,-0.06010664036890868,-0.38485532474408785
0.9092622281993951,-0.15733192834891824,0.2600392435610473
-0.543467431315888,-0.17919704306109965,0.5297479248940488
0.025906200274488495,0.09176006379444557,1.7071268425610606
4.466973919055252,-0.12332501858873461,-0.08814972499840475
0.7491246642993981,-0.020840133255232325,1.0409160735610872
-1.788358842912386,5.4647513461783435,-1.6187694388458302
-0.03179199171048983,-0.06883851958794476,0.9551658934820513
1.2270802067824982,-0.28835949027144786,-0.2521721807094912
-0.7629713369664082,-0.22569616925796326,0.3060186162204913
1.8194934742360505,-0.06769330169394161,0.6668139286658572
4.244265875577272,0.020749552235377902,-0.5906014689778543
2.220596413227242,0.25532221373105324,1.6590317907571726
0.3550359428740093,-0.011678391768439366,1.1569365661134463
-1.2769993148719234,3.320607399552471,-1.1048930909923729
1.7552121075468623,0.7599213262059662,-1.2841680680695686
2.2627853738820667,-0.10649457579498801,0.40566549908327876
-1.6835859953765835,-0.2903302788079335,-0.6396105934518713
-0.596925424009621,-0.5366745336983492,-1.076966391380914
-1.0075185447728596,0.031243022880868877,1.704381104492788
-0.6171667963683535,-0.23163821302594534,0.23718261341588495
0.49584882662656465,0.9236757245365982,1.9845837329650844
2.3497837808841586,1.9940198022335742,-1.342539616885562
-1.6768158985149995,-0.1893180268000809,0.7522484789782803
-1.3683397409657678,0.15067085363295396,-0.01607061548985864
-0.314961996845215,-0.276865946473643,-0.018980860349974187
1.0715086328988754,-0.24070452297833292,-0.5257193821063826
-0.4040725102078341,-0.009712074947642726,1.3361381025180634
1.3105347809552848,-0.15082640293574823,-1.0287580334993713
-1.3657045300938864,-0.4288441962156675,-0.8915249842279426
-0.36882485090467804,0.23765180773596903,1.4188384666596507
-1.215624142337747,-0.1677729312735162,-0.14400711577165767
-0.06328082757714289,-0.5486682278933638,-1.342215688801539
1.2729190846247385,-0.39713415505842165,-0.6873743215478367
0.16027726161652955,-0.006792368217901693,1.0011487895619602
0.8254367449764495,-0.2770829264251437,-0.29025935207719616
3.09313110237362,-0.039854326736632265,-1.2321055339433593
-1.6775229412120949,-0.3234441837446038,0.09730780217291207
1.727509719181216,0.7491682048560315,1.7746632176826767
-1.2464120380713164,-0.2951271026579453,0.11649093881655072
0.3576194528337361,-0.39048503686285413,-0.5101481408808426
-0.49505656624093675,-0.4199687421164464,-0.6334883472651062
0.6250531329035577,-0.2649695044838388,-1.2197564823472957
1.126317932162078,-0.08264835470286575,0.7484014232552035
-0.5792777587404959,-0.4086281751515958,-0.44592429647197385
-1.431048058189489,-0.5149628149913733,-0.8706967563777741
-0.4620517750732561,-0.33457275332904546,-0.2862991581292898
-0.8434376933488333,-0.10548967882261619,0.9644877170311478
-0.9210463090794838,0.09733873319587315,1.0231916818544395
1.394835970124029,-0.3376141593156859,-0.3863252697815277
1.1409632178526963,-0.38198386276363916,-0.8438746175144267
-1.383979097274262,-0.5744267055252451,-1.1621849112467864
0.8724164615796675,0.05434194513356938,1.55723392482415
1.7190023067935445,-0.23847373951387862,-0.5807663085466878
0.29166703823376433,-0.343550264367445,-0.35009501986861613
-0.06170429745884848,-0.22912653953246864,-0.7508711548608683
-1.183048936565458,-0.07558921593648808,0.060791871933403734
-0.4343440704449627,-0.26516693244259465,-0.3564192737141755
1.046580127080848,-0.3599969148911265,-0.6316137741706278
2.822027409326355,-0.15206407079610823,-0.8616166495892936
0.7050019308026322,0.19720009090706375,-1.500256674075127
-0.8985509559040196,0.014649369487567765,1.2576543093590902
-1.2054117548582495,-0.29974528670780465,-1.2925165432527415
2.0101660928406506,0.22502874059803524,1.681605034801836
-0.11937591052552014,-0.14693552133628168,-0.193503116772792
-1.0049232487460467,1.547198055346125,-0.4408759687723613
1.407347827647418,0.21022908296645637,1.2985683095834066
-1.2531483373805397,-0.3129725441315506,0.021801469737571237
1.0856511649730052,-0.4669528952258381,-1.1160120936154196
-1.1512827225586348,-0.1464030177072783,0.5162856980357864
0.8334597532493403,-0.2476854482738709,0.02165850014242604
0.556716491674808,-0.5083522150797871,-1.1645567158014032
-1.2548328614829618,-0.12043412428924186,0.907878466689548
-0.7986291495998225,-0.4051122149300785,-0.5887436252526014
1.951816455929069,-0.428730465624426,-0.924596971611985
1.4518048245043087,-0.2162802977490075,-0.13899842618586927
0.1672386782682933,-0.2602852981823749,-0.24883985334719314
0.055358907228177094,-0.2738918183526756,0.11191109998933771
-0.017346885371928664,-0.3845254486847545,-0.8301208982635633
1.0330287379565395,-0.5317315674421423,-1.3716744271168801
-1.3473347658984793,-0.37607874893015936,-0.23269982042693196
-1.6253657981772103,0.3465379828706143,1.4500046647643037
-1.0464412855895864,-0.369056041965527,-0.24869142369331015
-1.5159049394461033,-0.36761184266834873,-0.41715003122384364
-1.3808304178496504,-0.22276315359869228,0.4744206334751558
-0.22004100554768602,0.11310231792682014,1.9885243306171367
-0.2825049743972653,-0.05858261286802064,-0.6575033917383823
-1.2272741883732072,-0.3760400316049183,-0.21443765902274994
-1.3925809375301537,0.03510868301450168,1.6901708264119615
0.3335361608089212,-0.01514641807537745,1.1439914375419742
1.0453710029760646,0.7829707930988546,-1.002841099173838
-0.9856475563794622,-0.18599553894513007,0.5845704955448411
-1.7720772205843371,-0.39877922493573786,-0.5816310337789379
-1.1746151269117606,-0.2971703225591261,0.16588075894857338
-0.6583015975228848,0.7870991129896021,4.453444460096778
2.4931970169764415,0.7907525876693856,-1.2054880055600323
-1.3404091087904497,-0.2937891653781532,0.21320538095230965
1.3749156007272918,0.09340243672566574,1.4940893398043007
0.9860578517967539,-0.38766880188871444,-0.6126537701410915
1.7535657752418126,-0.2016750499935741,0.15210878345649934
-0.5552281230395546,-0.3337224105510566,-0.2093562840000042
2.622505890965331,-0.12049031488060066,-0.2764583265712352
-0.4998907718475422,0.021020220247183818,1.430438986642812
-1.5996455205733031,-0.25210590933721866,0.35151514447878185
-1.1796678314959996,0.023172459573504316,1.6292812072053733
-1.2916854233501185,-0.20049208710463093,0.5798456257032555
-0.27825944476067277,0.1899559753558422,0.8736214230136874
2.0226254539326813,-0.13507713141011674,0.30760008287780743
-1.1963021088468453,0.03575617665318091,0.28214894929997997
0.09144215289666978,-0.2675324853792108,-0.18962415803228042
-0.026574023624853584,-0.4646957249263303,-0.8939214864344551
-1.1744105781684668,-0.22340724399828982,0.43969220324565655
-1.0004244981111337,-0.32990871466266125,-0.019029334206346567
2.6659396646139504,0.41545531143597586,0.09680975746169274
0.6945093985563671,-0.37597537319202057,-0.5038851446969035
-0.9837829148835946,-0.42263277054645315,-0.46750192774925753
1.7379885629918306,0.20632272563841247,-1.6685089877597254
-1.0495580256742683,0.6819761309005113,1.0894337873439777
0.24580211169359503,-0.24589515785362143,-0.2918311211701656
-0.8842656932320877,-0.38250166208773456,-0.3405850847489522
-1.3870320017262512,-0.5163130137612703,-0.8865841018838705
0.49584451613076425,-0.24815815941292402,-0.11691372630028576
-0.33333800874680647,0.5747685258798084,-0.5167149048997507
0.607891100552548,-0.020165549067462617,1.2097948192923327
-1.0694924287688972,0.13040253772252922,2.187545090272613
-0.5464924906808639,3.330377429118684,-1.2356900681039313
-0.14053228924634997,-0.5615700885912643,-1.378616905294918
-0.022047517870406114,-0.4251941988468909,-0.700274759785488
2.9443039427570463,-0.2780813235261567,-0.6751346735181074
-1.6677335147472412,-0.5228019211679559,-0.8241282546454902
1.3446910411787862,2.6919794355050826,-0.7440923522174171
1.551679714566021,0.37922516344202356,-0.056109221429374696
-0.37590555451159147,0.004488575064161261,1.395654650333545
2.177433428179518,0.5066795016676098,-1.1678201832471784
2.958164412302886,-0.37082664898473977,-0.8756203069172893
1.2424563275948162,0.22675481980445555,-0.6009919502251653
-1.582644059549866,-0.0669796513166549,1.1793071516503622
-0.3040735309759419,-0.4235893909004245,-0.6751038325801184
-1.2884726015663974,-0.39078826393711436,-0.5539235659440946
-1.2729654125587802,-0.11941270067327113,0.7910773269771102
-0.9987206809429463,-0.37109029081541584,-0.2454919965937562
-0.7561192334888065,-0.29797111596368103,0.10711965736185498
-0.31303324669540855,0.20300750343200835,0.8973570638514939
0.9901671883599785,-0.29263900361511064,-0.31274091109508817
0.6349269670873114,-0.46534080342784295,-0.9984388344072139
0.5570161691185824,-0.3476316115439579,-0.3109085431818255
0.9205555520447006,-0.29176392131298906,-0.14322112086098646
-1.108180686062681,-0.3284773670261622,-0.10636303184088124
0.0994969453376949,-0.014160287357885014,1.1623465253870362
0.4166726046926208,-0.4685509503754114,-0.9529102361317793
0.9650683655918452,-0.48486470296575834,-1.1389419227209223
0.3345059162422766,-0.2932916445647336,-0.30343015447869576
-1.553742311138472,-0.2676817518667847,-0.8295428432304126
0.4977433108374073,0.20404208903767215,0.001497515941949852
0.0214856401246488,-0.1895475265049341,0.44169274212776577
-0.5557962580762943,-0.3048877499949572,-0.004048934767223452
0.7519400229213984,0.11764829533910384,-0.5614908697226265
-1.4322929435590661,-0.3762232282484783,-0.24646562868547925
-1.7548498200147005,-0.06863207731309993,0.42222556490366175
-0.507481363053377,-0.2407068715069311,-0.025506312471633354
-1.2505998714110704,-0.0896648421522976,-0.02681865204956441
-1.1222708795142606,-0.34681053184501254,-0.16216673494893385
-1.5219319107545641,0.4891615040703891,-0.7037796320310736
0.19411462396172535,-0.2558239784810941,-0.11129712859971463
0.7050070697237772,0.2811490669723204,0.16695141022447174
1.0779226775016448,-0.007738952891776463,1.0674649352204273
-0.9461280958102019,-0.44504866576722796,-0.5876744478726817
-1.4884690987103395,-0.32353098072915015,0.05868261107644922
-0.8170270185198028,0.7771666499315901,-0.6195456918712385
2.7114212417460006,0.10324018550088472,0.9713787869171979
2.208689702577588,-0.34465037312313723,-1.3693912533396735
-1.052529291828764,-0.3583510416058913,-0.1908054583414533
-0.18337890068884705,-0.4328723427639553,-0.9003637558079032
0.1126808195619853,0.062341634995214064,1.5925369912676586
0.7536763858141851,0.5271655806012994,3.8078845942103725
0.014901715231939994,-0.33115752030071194,-0.36687820367174556
-0.45020214203176506,-0.4986167694875336,-0.943645211033161
-1.0175414661762965,-0.4676394257567217,-0.7440443913949866
-1.606188004902182,-0.24569104907007672,0.4811063094202479
-0.21167989978178559,-0.4321000701040465,-0.7683506789164525
0.2157661036568776,-0.3353489013641132,-0.24583221069806746
-1.110251069749398,0.6430373834916623,1.6733956524336058
2.6814108071510243,0.22187050251038626,1.2164973035819813
-0.13603080940535497,-0.2753287578817083,-0.06273195545523559
-1.2227793809393157,0.08407837516869529,1.7791158288981628
0.7239709474786958,0.044249594147462434,1.0682776010940782
2.5803808959625285,0.5813023706877556,2.115561380818971
-1.1135510180101058,0.882136504356709,-1.5679281816199948
1.6356338838952929,0.26768086394559215,1.9998186807269474
0.000969929740141427,-0.12590417129542328,0.6471732677875571
0.45194721324016934,-0.43044968503095854,-0.6863921912891332
-0.8106199508830889,-0.13918953464013323,-0.7180634641142205
-0.4752091872902817,-0.16486835480107934,0.47248239636040895
-1.7767999101130036,-0.3441694336876081,-0.14248025864690533
0.19713178021790898,-0.1880736777047415,0.2302051144182914
-0.6123368347456208,-0.3001473688058749,-0.07035900793714595
-0.8126629696213625,-0.2075884776062663,0.4506731145752852
2.0842425726968252,-0.2488798034164843,-0.5818265411750335
-1.6492612407857477,-0.38908401410362337,-1.1461195198447693
0.24106268913904053,1.518412012786794,1.1960450160837535
0.3971432448485829,-0.310126531464384,-1.3657785911813254
0.7228137603550892,-0.3319442295039405,-0.3016780160782963
-1.6877930864756814,-0.16261907486264504,0.5900798576770961
-0.07705558458096082,0.7799260433138923,1.4189002887286566
0.2590952642197324,0.6899075973200652,4.64747834882501
-1.4692336418418315,-0.4008194741565952,-0.43595420445580624
0.4645821957414801,-0.20375787187574282,0.3868559184684554
1.854501062075673,0.03169680535860811,0.0865372472627562
-0.6121124287481301,-0.39380543988789235,-0.5667026154429264
0.3427801763608726,-0.2385488876355203,-0.41551107658208236
-0.36557250908296823,-0.17389152222004406,-0.8141039543371305
-0.985993610965897,0.03178125113994354,1.6793843445952952
1.485102936011272,0.04740913775726961,1.239237226398551
-0.3851063881884005,-0.20629480682811321,0.3605586298601962
2.6364584625348884,-0.3312777957658548,-1.273998358610065
1.7955085161573745,-0.1256513956567742,0.43034645355580564
-0.36884234808110833,1.0816581568256325,0.7740386516033394
4.989854736557277,-0.1572595335743657,-0.5432897343517589
-0.18655673063968983,-0.3514523658189446,-0.3652622109293254
2.1622326313287963,-0.1551470940809584,0.3669097040560659
1.326386047437572,0.3018105297631966,1.9126346514479378
0.3625728352317195,0.024065602282295442,1.2274603519192038
0.14192810649284038,-0.3982552941458227,-0.5813982478677218
-0.17448683828138406,-0.03781461157243898,1.2095946546212923
-1.063221015589531,-0.26339449043961605,0.11466063784895396
0.1717565548713221,0.07959935267660806,0.9440358692275636
1.0922660897676628,0.026179329641528408,0.3621534555635348
-0.6135843773993412,-0.3997746610135812,-0.4322419495256714
-0.46249717687173875,-0.3920285726352292,-0.6349999173979399
-1.050779436220691,-0.5244934840709512,-1.1648133513745889
1.5336272996858014,0.07763827771764344,-1.3465515056091903
-0.007957389384821491,-0.2722478465803108,-0.3695667415570988
0.14755085680544808,-0.015293571103746642,0.9946767071275573
-0.04508664656452577,-0.0882691604314958,0.8614859801649716
-0.28706152528120893,-0.05107276984310637,-0.3084889272550894
0.8487566353748874,0.8754793844551971,1.73649649580144
-0.5783184330438924,-0.4436601708253918,-0.6370047224817581
-1.0140365405935279,-0.12258227084045656,0.8752764034278228
1.4318916804487754,-0.2525262155497885,-0.0858571107449583
-0.07547881478166457,0.6754653597597519,0.8880426882792949
0.7966828390884212,0.3258918270901412,0.4290122282183324
0.3638219557272668,-0.2738315616087237,0.02578306117629569
-1.2557291189931556,-0.5589949869990014,-1.0995193688852583
0.20610638794017905,0.4670798478515594,2.435173429216668
2.5803825537550025,-0.39835319363744537,-1.260771845369228
-1.1639363060407089,8.78606259422063,-3.056925352319595
0.43324915585505636,-0.3012971916827434,-0.12591804449975275
-1.8020117248475067,-0.4330421946123237,-0.40023224847425065
-0.8918935638969439,-0.1931819872717531,0.3410392797788859
1.8450580500793456,0.3951535804561281,1.4911521072768419
-1.6755736075935037,0.37952840030377,-0.2303122259352541
-1.21471585496103,-0.30062711584282914,0.1243855631734768
-0.13602227563455088,0.04358371313622187,-0.012827413975527096
1.5444002997744115,0.13337017154174485,1.6636842529695048
-1.0103859487010178,-0.43343995146976383,-0.6031638247833009
-1.2729627260128702,0.680030233490365,1.1228054961780594
-0.07818563745914668,-0.3276713397762876,-0.5306585520567992
-0.9416449722349418,-0.35639405715519107,-0.7854413573157003
-1.2316252817829227,-0.06283666365436329,0.8789356093873931
1.192971479230045,-0.5227615553702902,-1.2312004935693126
-1.6029869987519356,1.4793120736440701,-0.5905877491827425
0.074762778634581,-0.18952439752981637,-0.46644228311337055
-1.2124178378287858,-0.18987347402198998,0.47445852657749493
-0.33292317487524087,0.024730153549344203,1.3313806744557566
1.2495804501699133,-0.5555449340841623,-1.3787663849809533
-1.0179652495268692,-0.19792560969283315,0.5196577801605385
1.0752942377376078,-0.2078699465896272,-0.2656183126057145
-1.4663216461252218,-0.43499714158315606,-0.46986706132252265
-0.6896774954716552,-0.026880519160824165,0.9881270543376124
-0.6425804183371627,0.17921231726025105,1.124694759664949
0.9517689616025664,0.13851390902494487,1.7887816242720536
0.7286766577402232,0.24989884042155308,0.6447779294241144
-0.5365275080851688,3.287695074695377,-1.4554246018905124
0.38090518768807985,1.067071055031106,0.5234351714375667
0.6579890000154925,-0.44449402462533005,-0.9548561624791899
-1.7195182706202017,-0.27644329427544767,0.3492711928086823
-1.306182937268371,0.5088183647224427,-0.6415326388722363
0.8875727434825226,-0.02779790823644457,0.8976157324566483
0.11383856316076554,-0.07818357002909662,0.7272904669091693
0.41023852326164906,-0.31653736687559203,-0.2661252224846493
0.4497901357196163,-0.5072820674430314,-1.5126372439323963
-1.626300071271317,-0.1598484587625661,-0.028182170031183038
0.22933723470170841,-0.36924400486532755,-0.6141778801196284
-0.5402056069957513,-0.5247460971108537,-1.037338172323769
-1.278737562788502,-0.24296603308855913,0.4286056475753284
-1.5068319577234197,0.6532050662203756,1.032413737684273
0.08833806161959268,-0.3860729598082957,-0.7275481182208116
-1.6413155300579871,-0.12440428159511903,-0.8042710690574423
0.0948763716866298,-0.23983716441076505,0.21196141993043638
1.3034121679475315,0.7346797769391402,0.08196628928936167
-0.4073599374423447,-0.09230264285671637,0.9975094961980578
-1.4967097658460076,-0.02488441206350506,0.5700749225810456
0.2064938872166891,0.044503773566545515,0.08573346846829873
-1.686669778093344,-0.345605825978325,0.014313288059468899
0.3495902936664456,0.013937281105149846,1.2608797492930564
0.24329140158417276,-0.34354590651938205,-0.6646422460227455
-1.0905906344529852,-0.23644519062171163,0.38980140364477006
-0.16915083721412247,0.12262696983928646,0.9402725980400508
2.467295819739557,0.02335854758424654,-0.02435236163378483
-1.1891641638453534,-0.5016200958263115,-0.9070731696566993
-0.015207215365238438,-0.17709956726049758,0.2816928336881389
1.3036548499347358,0.2907712294242776,1.8061286769228975
-0.41380040913445526,0.2608492452298368,-0.3094048930695474
-1.1932834178132692,-0.28691288488159805,0.1778341290259662
4.826325803447612,-0.2856206255303326,-0.6402982620017251
0.21915889768751684,-0.3828289695768046,-0.5784480134412826
-0.7839591335406625,-0.40494296925846623,-0.4259490209377729
-0.8371871914788106,-0.31133373245900514,-0.7970272744526953
-1.315679704939316,0.1661996817638871,1.2409628012243688
0.8884757656941362,-0.4043774205394463,-0.7463179722618151
-0.480189213857111,0.09598892169757002,1.4098576159328802
2.1486449908179663,-0.2805415735013942,-1.066904926541043
0.058070429396794555,-0.4569700973763296,-0.9726678469704989
-0.8666370476384673,-0.10758238319106116,0.5137455906786836
-0.05615906276824018,-0.445414755204797,-1.1750002300795452
1.8653815501958577,-0.34369327687854795,-0.5194750097535581
-0.9241752212147445,0.37465336208983424,-1.2896132309082584
0.6728851506757078,-0.32031322253626554,-0.5221208900725269
0.5834250124768592,0.13754703525530568,0.4650254245174152
-0.9706444271244334,-0.2906845710979013,-0.6511051675136298
0.551208844902545,-0.45801280263792526,-0.847482376484094
-1.1274512225488729,-0.3228400521021568,-0.09853262162263306
-1.4509251598564834,-0.0675908458543147,0.815954915442571
0.45408120404808533,-0.43065279999383294,-0.8047504077963673
-1.3515427630242633,-0.31666400133842787,-0.004449665813380597
-0.7868156621711092,-0.555818756102325,-1.2882080076585862
-0.35528578787464987,0.005762157110778296,-0.42562108246484376
-1.681870111350801,-0.5209044012876797,-0.895098026922768
-1.0296560335105451,0.0990176956582593,1.5747886363619206
0.1105642290723754,-0.48378868138356096,-1.094580213417033
-0.2476781953030232,-0.397550524555003,-0.5044212990394946
-0.19704904330191608,-0.009059114264364213,1.0410887597808045
1.709806665837216,0.028848144175830998,-0.14403975543076666
0.9333373550264559,0.45324123008404116,2.503367189740187
3.118702288877144,-0.08549935922422595,0.507184002206459
-1.3881930195346635,0.0492291239428971,1.256095671287631
-0.08809792896820125,-0.2345718343731848,-0.7696607182917435
-1.695903742013834,-0.11544125304298646,0.8843558857708723
-0.6579911937902629,-0.4960389063556965,-1.2914784395740273
-0.12246445173640366,0.05056386362347948,-0.7009186541106229
1.3582351541408784,-0.2718824513524832,-0.1971955530392991
0.219400673709775,-0.427086753614722,-0.8637260368716331
-0.7651059357247018,-0.29941262224708864,0.03846669452155315
1.6524144881188354,0.0026414564777757564,1.1652320087460044
-0.8109872417087247,-0.3664164062019632,-0.3355089947174224
-0.6741717431180975,1.5111725281885464,-0.5867569631549323
-0.9615324663449653,-0.1441394690094553,-1.0916878699159072
2.7011578005490224,-0.42240363838730677,-1.1461032720554445
2.1841345836368573,-0.2721900539510257,-0.6519860554129231
1.7324247749872148,0.3161778257691697,1.3763635786234947
-0.7841272930747112,-0.3842878437737999,-0.323990616274998
-0.3985859749908248,-0.3343209679385906,-0.21728838495745564
-0.4528000528281932,-0.3217008108480316,-0.18777196888793482
-1.0091369688732874,-0.348368221317109,-0.19305220584904048
-1.492562161053522,-0.3752424014695808,-0.16466621407708124
0.17672970525097767,0.5262347996969857,1.9009474498712626
0.3385443194241072,-0.4552429171456367,-0.9297307090323117
-1.2655107001423738,-0.5377198103913237,-1.2605385687601127
-1.3814439362401185,-0.5633087454372698,-1.0779694132158002
-0.8948205940542407,-0.38432218739400487,-0.5534611442979284
-1.193434652613754,0.38527179632854447,2.8278617317597052
-1.329739904559096,-0.08632818390523324,0.6984046315705208
-0.2162355753277941,-0.08261058866939654,-0.8507334265531002
-0.43559649251910487,0.22043965149446273,1.6576853461870495
0.3060000911354572,-0.18952623957637627,-0.19814009043532235
4.775610033444927,-0.04033142687483493,0.5269317624095895
0.9731124547070421,-0.13646283114871588,0.552217428504092
0.9299819958768951,0.09636618886091,1.5931231202285685
-0.8019383744784315,-0.4513444043198332,-0.7152337056735607
1.8313849791949721,-0.27894080819951383,-0.26945320797965927
-0.14854304676175897,0.4591945009445109,2.3527012323337635
0.5644531841230027,-0.17476252397570372,0.5103611110797333
0.7759641287486567,-0.15847396306591674,0.3763811064523406
1.0156602398614527,-0.3848901509128712,-0.6471735678572876
-1.3773441614076332,11.22249815999149,-3.507032431460402
0.4984963510930595,-0.443067110306571,-0.8073830008288078
0.7623430469756094,0.019797481819002805,1.3400654609667975
-0.6285989529788854,-0.5651733066293811,-1.304562939318015
-1.4774929654566986,-0.3345171967412389,-0.0007326511836545074
-1.0935030983594691,-0.3372302062238429,-0.08410792668936214
-1.1457176375573657,-0.4874004777369741,-0.8443586545999546
0.3251905586620521,-0.3019084073881733,-0.5875610070856291
0.7601586269386287,0.06388255601892524,1.4293666497646311
1.137184686465244,-0.4256002920027944,-0.8999908104053016
0.8474773731313273,-0.14113011620004148,0.49650847214862853
-0.6918228288104596,-0.4716573219668226,-0.9710368604499114
2.0315272930221115,0.10954455548560806,1.1927764219081285
-0.22733943333508685,-0.25228307910990605,-0.03657930365583674
-1.2765423489545962,-0.606328319089358,-1.2966215080038916
1.7198307288499177,-0.14825208955400798,0.2318272538191837
0.032517109624576,-0.21743637197386043,0.06686514928095129
0.09289582791421622,-0.39278165838948387,-0.5215895907670044
0.17722418184594865,-0.176085684056409,0.510571747122825
-1.7244020831756255,-0.4824132867879713,-1.2210299531986128
-1.2428840162117865,-0.2962074652850858,-0.6140308586411958
-0.3788191700552431,0.0986478599814642,1.073231664346967
-0.05648799841201683,0.023160243821921014,1.3920730040836937
-0.5289416983969416,-0.0011161388762977247,-0.4540388929294182
1.3824728194859466,-0.3685246988218657,-0.5437656983745558
-0.6653470198685156,-0.37723365239390627,-1.010500449486895
1.793057690664741,-0.3195061401400156,-0.7860559968491769
0.477279323427632,-0.5088988172499188,-1.1088913938527878
0.6177998425704196,-0.25684687719737614,0.07454608693547797
-1.6285915075302664,-0.549213735878505,-1.0928083015305203
-1.3618850286776114,0.7110239579216258,0.3540039558565869
-0.6082310726604261,-0.214601209767272,0.1132195697375389
-7.456510093480093e-06,-0.43389247180515705,-0.8193382956028484
0.12682845327854053,-0.19869108012087416,0.20171305106892554
-0.13033289046038313,-0.3978377548697526,-0.801869274430851
1.2657377770765132,-0.35445189501953017,-1.130235394637759
-1.2775926497984929,0.0543239756345146,-0.01862527507985995
-0.32348194022135984,-0.29020395487879797,-0.7510892812736552
-0.6831714426671682,-0.1935081268900703,0.1390176066865061
0.09282254518726915,-0.3926391492150098,-0.8887314974372648
0.6198661570363706,0.6181173855760795,4.125810558493504
-0.6590660546918597,-0.37392640260966786,-0.3333359955520216
-1.0597626725387113,0.21001518749763465,1.0427558316203596
-0.40312790540658,-0.005114560724042685,1.1464971532532569
-1.1427858107437585,-0.31125649109675657,-0.04725772215566949
0.4630526245847456,-0.1371138130191502,-0.8875126692607701
